chain,item,field,reason
greggs,Tuna Mayonnaise & Cucumber Sandwich,calories,"Not added: greggs.com product data (333 kcal, 7.6 g fat, 4.2 g sugar) and nutrition PDF of 2026-09-10 (329 kcal, 7.2 g fat, 6.2 g sugar) disagree. Re-check before adding."
chipotle,High Protein - Low Calorie Bowl,protein_g,Nutrition calculator says 35 g (used). Chipotle's GLP-1 support page (chipotle.com/glp-1-support) says 36 g. Recheck.
raising-canes,Chicken Finger (1),fiber_g,"Official PDF lists ""< 1 g"" (not an exact value)"
raising-canes,Cane's Sauce,fiber_g,"Official PDF lists ""< 1 g"" (not an exact value)"
qdoba,Quesabirria Burrito,fat_g,Source conflict inside official PDF: 95 g fat vs 380 calories from fat; item left out
qdoba,Quesabirria Quesadilla,fat_g,Source conflict inside official PDF: 127 g fat vs 670 calories from fat; item left out
el-pollo-loco,Double Chicken Bowl,name,"Source conflict: Protein Menu page calls the 74 g bowl ""Double Chicken Avocado Bowl""; nutrition PDF calls it ""Double Chicken Bowl"" (used PDF name/values)"
mcdonalds-india,(all items),fiber_g,North & East booklet does not list fiber
mcdonalds-india,Chicken Nuggets (6 pc),carbs_g,Booklet nuggets page lists no carbohydrate
mcdonalds-india,Chicken Nuggets (6 pc),sugar_g,Booklet nuggets page lists no sugar
mcdonalds-india,Fries (Medium),carbs_g,Booklet fries page lists no carbohydrate
mcdonalds-india,Fries (Medium),sugar_g,Booklet fries page lists no sugar
mcdonalds-india,(all items),(source),"Two operators publish different booklets; used North & East (Dec 2025), not West & South (mcdonaldsindia.com PDF, Apr 2024). West & South menu and values may differ"
dominos-india,(all items),fiber_g,Domino's India nutrition images do not list fiber
kfc-india,(all items),fiber_g,KFC India booklet V6 does not list fiber
kfc-india,Double Chicken Roll,sugar_g,"Booklet p10 lists 10 g, p21 lists 10.26 g; used p10 (10 g)"
burger-king-india,(all items),fiber_g,Burger King India July 2026 sheet does not list fiber
subway-india,(all items),fiber_g,Subway India August 2026 chart does not list fiber
pizza-hut-india,Triple Chicken Feast Pan Pizza (Personal),sugar_g,Source says ND (not detected; LOQ 1 g/100 g)
pizza-hut-india,Chicken Supreme Pan Pizza (Personal),sugar_g,Source says ND (not detected; LOQ 1 g/100 g)
pizza-hut-india,Chicken Tikka Supreme Pan Pizza (Personal),sugar_g,Source says ND (not detected; LOQ 1 g/100 g)
pizza-hut-india,Murg Malai Chicken Pan Pizza (Personal),sugar_g,Source says ND (not detected; LOQ 1 g/100 g)
pizza-hut-india,Chicken Tikka Pan Pizza (Personal),sugar_g,Source says ND (not detected; LOQ 1 g/100 g)
pizza-hut-india,Spiced Paneer Pan Pizza (Personal),sugar_g,Source says ND (not detected; LOQ 1 g/100 g)
pizza-hut-india,Margherita Pan Pizza (Personal),sugar_g,Source says ND (not detected; LOQ 1 g/100 g)
pizza-hut-india,Spicy Baked Chicken Wings (4 pc),sugar_g,Source says ND (not detected; LOQ 1 g/100 g)
pizza-hut-india,Cheezy Cheese Chicken Melt,sugar_g,Source says ND (not detected; LOQ 1 g/100 g)
pizza-hut-india,Double Chicken Delight Pan Pizza (Personal),(source),"Name appears twice (280 g/4 slices and 550 g/6 slices, likely a mislabeled Medium); used 280 g/4 slices"
starbucks-india,Latte (Grande),fiber_g,Source lists fibre as NA
starbucks-india,Cold Brew Black with Chocolate Protein Foam (Grande),(all),Guide p114: 188 kcal/21.6 g protein; p133: 188/21.56 with small differences; 'Lab test data' p142: 369 kcal/13.1 g protein. Used p114
starbucks-india,Cold Coffee with Vanilla Protein Foam (Grande),(all),Guide p132: 367 kcal/23.11 g protein; 'Lab test data' p142: 639 kcal/32.3 g protein. Used p132
starbucks-india,Java Chip Frappuccino with Chocolate Protein Foam (Grande),(all),Guide p133: 419 kcal/25.41 g protein; 'Lab test data' p142: 397.3 kcal/26.1 g protein. Used p133
starbucks-india,Brown Sugar Iced Shaken Espresso with Vanilla Protein Foam (Grande),(all),Guide p132: 230 kcal/19.15 g protein; 'Lab test data' p141 has a different row (461 kcal/15 g). Used p132
taco-bell-india,(all items),fiber_g,Taco Bell India April 2026 sheet does not list fiber
taco-bell-india,Maxx Protein Rice Bowl (Non-Veg),sugar_g,Source says BLQ (below limit of quantification)
taco-bell-india,Maxx Protein Rice Bowl (Veg),sugar_g,Source says BLQ (below limit of quantification)
taco-bell-india,Banger Protein Salad (Chicken Steak),sugar_g,Source says BLQ (below limit of quantification)
taco-bell-india,Banger Protein Salad (Non-Veg),sugar_g,Source says BLQ (below limit of quantification)
taco-bell-india,Banger Protein Salad (Veg),sugar_g,Source says BLQ (below limit of quantification)
barista,(whole chain),official_nutrition_url,"Not built (2026-09-24): barista.co.in shows no nutrition and /menu is 404; Zomato listing only has '24g Protein' in 2 drink names, no calories. Only user-entered databases exist, which our rules don't allow."
chaayos,(whole chain),official_nutrition_url,"Not built (2026-09-24): chaayos.com has no cafe nutrition; cafes.chaayos.com is not found; Zomato listing names protein items (ProChai, Protein Power Paneer Chilla) but gives no numbers. Only user-entered databases exist, which our rules don't allow."
wasabi,(all items),fiber_g,Wasabi nutrition guide has no fibre column
costa-coffee,"High Protein Latte (Medium, semi-skimmed milk)",fiber_g,Costa drinks table has no fibre column
costa-coffee,"High Protein Iced Latte (Medium, semi-skimmed milk)",fiber_g,Costa drinks table has no fibre column
rola-wala,Keralan Chickpea Spice Bowl (Rice),protein_g,official chart value (30 g) looks inconsistent with Naan Roll (15 g); possible source error
rola-wala,Keralan Chickpea Spice Bowl (Cauli),protein_g,official chart value (35 g) looks inconsistent with Naan Roll (15 g); possible source error
tortilla,(all items),sodium_mg,"Tortilla lists salt rounded to whole grams, too coarse to convert to sodium (0 g salt would show 0 mg). Left null."
nandos,(whole chain),official_nutrition_url,Not built (2026-09-24): nandos.co.uk blocks automated access (Imperva). Nando's publishes nutrition on its menu pages; fill in by hand from a browser.
dutch-bros,"Cookie Butter Protein Latte (Iced, Medium)",fiber_g,"Official guide lists fiber as ""<1"" g; left null"
firehouse-subs,Chicken 'n' Cheddar Rancher (Medium),sugar_g,Official firehousesubs.com menu data has no sugar value for this item
dunkin,(whole chain),official_nutrition_url,Not built (2026-09-24): dunkindonuts.com and its nutrition PDF are only available in the US (blocked from this machine). Rebuild from a US connection.
pizza-hut,(whole chain),official_nutrition_url,Not built (2026-09-24): pizzahut.com timed out or redirected to India from this machine. Rebuild from a US connection.
culvers,"Chicken Tenders, Original - 4 Piece",sugar_g,"source lists ""<1"" (not an exact number)"
burger-king,10 Pc. Chicken Nuggets,fiber_g,"Official data lists 11 g fiber, which looks like a source error for nuggets; left null. Please confirm."
burger-king,(all items),(source),Used nutritionWithModifiers (full default build) from Nutrition Explorer data; page did not render from India to confirm on screen
whataburger,(all items),(source),"Used the current ordering site (store #367, default builds). The site's 'Nutritional Information' link still points to a March 2021 PDF whose values differ slightly for many items."
sonic,(whole chain),official_nutrition_url,Not built (2026-09-24): sonicdrivein.com is Cloudflare-blocked from this machine; old PDFs have an expired certificate. Rebuild from a US connection.
five-guys,(whole chain),official_nutrition_url,"Not built (2026-09-24): official guide lists only components (patty, bun, toppings), not whole items; summing them would be an estimate."
kfc-india,Boneless Chicken Strips (3 pc),fiber_g,"Added from FatSecret India (https://www.fatsecret.co.in/calories-nutrition/kfc), which lists calories, protein, carbs, and fat only. Not in the chain's official data we checked. Verify all values against the chain's own nutrition info."
kfc-india,Boneless Chicken Strips (3 pc),sugar_g,"Added from FatSecret India (https://www.fatsecret.co.in/calories-nutrition/kfc), which lists calories, protein, carbs, and fat only. Not in the chain's official data we checked. Verify all values against the chain's own nutrition info."
kfc-india,Boneless Chicken Strips (3 pc),sodium_mg,"Added from FatSecret India (https://www.fatsecret.co.in/calories-nutrition/kfc), which lists calories, protein, carbs, and fat only. Not in the chain's official data we checked. Verify all values against the chain's own nutrition info."
kfc-india,Popcorn Chicken (Large),fiber_g,"Added from FatSecret India (https://www.fatsecret.co.in/calories-nutrition/kfc), which lists calories, protein, carbs, and fat only. Not in the chain's official data we checked. Verify all values against the chain's own nutrition info."
kfc-india,Popcorn Chicken (Large),sugar_g,"Added from FatSecret India (https://www.fatsecret.co.in/calories-nutrition/kfc), which lists calories, protein, carbs, and fat only. Not in the chain's official data we checked. Verify all values against the chain's own nutrition info."
kfc-india,Popcorn Chicken (Large),sodium_mg,"Added from FatSecret India (https://www.fatsecret.co.in/calories-nutrition/kfc), which lists calories, protein, carbs, and fat only. Not in the chain's official data we checked. Verify all values against the chain's own nutrition info."
kfc-india,Popcorn Chicken Rice Bowl,fiber_g,"Added from FatSecret India (https://www.fatsecret.co.in/calories-nutrition/kfc), which lists calories, protein, carbs, and fat only. Not in the chain's official data we checked. Verify all values against the chain's own nutrition info."
kfc-india,Popcorn Chicken Rice Bowl,sugar_g,"Added from FatSecret India (https://www.fatsecret.co.in/calories-nutrition/kfc), which lists calories, protein, carbs, and fat only. Not in the chain's official data we checked. Verify all values against the chain's own nutrition info."
kfc-india,Popcorn Chicken Rice Bowl,sodium_mg,"Added from FatSecret India (https://www.fatsecret.co.in/calories-nutrition/kfc), which lists calories, protein, carbs, and fat only. Not in the chain's official data we checked. Verify all values against the chain's own nutrition info."
kfc-india,Classic Chicken Roll,fiber_g,"Added from FatSecret India (https://www.fatsecret.co.in/calories-nutrition/kfc), which lists calories, protein, carbs, and fat only. Not in the chain's official data we checked. Verify all values against the chain's own nutrition info."
kfc-india,Classic Chicken Roll,sugar_g,"Added from FatSecret India (https://www.fatsecret.co.in/calories-nutrition/kfc), which lists calories, protein, carbs, and fat only. Not in the chain's official data we checked. Verify all values against the chain's own nutrition info."
kfc-india,Classic Chicken Roll,sodium_mg,"Added from FatSecret India (https://www.fatsecret.co.in/calories-nutrition/kfc), which lists calories, protein, carbs, and fat only. Not in the chain's official data we checked. Verify all values against the chain's own nutrition info."
kfc-india,Spicy Chicken Krisper,fiber_g,"Added from FatSecret India (https://www.fatsecret.co.in/calories-nutrition/kfc), which lists calories, protein, carbs, and fat only. Not in the chain's official data we checked. Verify all values against the chain's own nutrition info."
kfc-india,Spicy Chicken Krisper,sugar_g,"Added from FatSecret India (https://www.fatsecret.co.in/calories-nutrition/kfc), which lists calories, protein, carbs, and fat only. Not in the chain's official data we checked. Verify all values against the chain's own nutrition info."
kfc-india,Spicy Chicken Krisper,sodium_mg,"Added from FatSecret India (https://www.fatsecret.co.in/calories-nutrition/kfc), which lists calories, protein, carbs, and fat only. Not in the chain's official data we checked. Verify all values against the chain's own nutrition info."
kfc-india,Chicken Longer,fiber_g,"Added from FatSecret India (https://www.fatsecret.co.in/calories-nutrition/kfc), which lists calories, protein, carbs, and fat only. Not in the chain's official data we checked. Verify all values against the chain's own nutrition info."
kfc-india,Chicken Longer,sugar_g,"Added from FatSecret India (https://www.fatsecret.co.in/calories-nutrition/kfc), which lists calories, protein, carbs, and fat only. Not in the chain's official data we checked. Verify all values against the chain's own nutrition info."
kfc-india,Chicken Longer,sodium_mg,"Added from FatSecret India (https://www.fatsecret.co.in/calories-nutrition/kfc), which lists calories, protein, carbs, and fat only. Not in the chain's official data we checked. Verify all values against the chain's own nutrition info."
kfc-india,Egg Burger,fiber_g,"Added from FatSecret India (https://www.fatsecret.co.in/calories-nutrition/kfc), which lists calories, protein, carbs, and fat only. Not in the chain's official data we checked. Verify all values against the chain's own nutrition info."
kfc-india,Egg Burger,sugar_g,"Added from FatSecret India (https://www.fatsecret.co.in/calories-nutrition/kfc), which lists calories, protein, carbs, and fat only. Not in the chain's official data we checked. Verify all values against the chain's own nutrition info."
kfc-india,Egg Burger,sodium_mg,"Added from FatSecret India (https://www.fatsecret.co.in/calories-nutrition/kfc), which lists calories, protein, carbs, and fat only. Not in the chain's official data we checked. Verify all values against the chain's own nutrition info."
kfc-india,Veg Zinger Burger,fiber_g,"Added from FatSecret India (https://www.fatsecret.co.in/calories-nutrition/kfc), which lists calories, protein, carbs, and fat only. Not in the chain's official data we checked. Verify all values against the chain's own nutrition info."
kfc-india,Veg Zinger Burger,sugar_g,"Added from FatSecret India (https://www.fatsecret.co.in/calories-nutrition/kfc), which lists calories, protein, carbs, and fat only. Not in the chain's official data we checked. Verify all values against the chain's own nutrition info."
kfc-india,Veg Zinger Burger,sodium_mg,"Added from FatSecret India (https://www.fatsecret.co.in/calories-nutrition/kfc), which lists calories, protein, carbs, and fat only. Not in the chain's official data we checked. Verify all values against the chain's own nutrition info."
kfc-india,Classic Veg Krisper,fiber_g,"Added from FatSecret India (https://www.fatsecret.co.in/calories-nutrition/kfc), which lists calories, protein, carbs, and fat only. Not in the chain's official data we checked. Verify all values against the chain's own nutrition info."
kfc-india,Classic Veg Krisper,sugar_g,"Added from FatSecret India (https://www.fatsecret.co.in/calories-nutrition/kfc), which lists calories, protein, carbs, and fat only. Not in the chain's official data we checked. Verify all values against the chain's own nutrition info."
kfc-india,Classic Veg Krisper,sodium_mg,"Added from FatSecret India (https://www.fatsecret.co.in/calories-nutrition/kfc), which lists calories, protein, carbs, and fat only. Not in the chain's official data we checked. Verify all values against the chain's own nutrition info."
kfc-india,Spicy Veg Krisper,fiber_g,"Added from FatSecret India (https://www.fatsecret.co.in/calories-nutrition/kfc), which lists calories, protein, carbs, and fat only. Not in the chain's official data we checked. Verify all values against the chain's own nutrition info."
kfc-india,Spicy Veg Krisper,sugar_g,"Added from FatSecret India (https://www.fatsecret.co.in/calories-nutrition/kfc), which lists calories, protein, carbs, and fat only. Not in the chain's official data we checked. Verify all values against the chain's own nutrition info."
kfc-india,Spicy Veg Krisper,sodium_mg,"Added from FatSecret India (https://www.fatsecret.co.in/calories-nutrition/kfc), which lists calories, protein, carbs, and fat only. Not in the chain's official data we checked. Verify all values against the chain's own nutrition info."
kfc-india,Chatpata Channa Burger,fiber_g,"Added from FatSecret India (https://www.fatsecret.co.in/calories-nutrition/kfc), which lists calories, protein, carbs, and fat only. Not in the chain's official data we checked. Verify all values against the chain's own nutrition info."
kfc-india,Chatpata Channa Burger,sugar_g,"Added from FatSecret India (https://www.fatsecret.co.in/calories-nutrition/kfc), which lists calories, protein, carbs, and fat only. Not in the chain's official data we checked. Verify all values against the chain's own nutrition info."
kfc-india,Chatpata Channa Burger,sodium_mg,"Added from FatSecret India (https://www.fatsecret.co.in/calories-nutrition/kfc), which lists calories, protein, carbs, and fat only. Not in the chain's official data we checked. Verify all values against the chain's own nutrition info."
kfc-india,Veg Roll,fiber_g,"Added from FatSecret India (https://www.fatsecret.co.in/calories-nutrition/kfc), which lists calories, protein, carbs, and fat only. Not in the chain's official data we checked. Verify all values against the chain's own nutrition info."
kfc-india,Veg Roll,sugar_g,"Added from FatSecret India (https://www.fatsecret.co.in/calories-nutrition/kfc), which lists calories, protein, carbs, and fat only. Not in the chain's official data we checked. Verify all values against the chain's own nutrition info."
kfc-india,Veg Roll,sodium_mg,"Added from FatSecret India (https://www.fatsecret.co.in/calories-nutrition/kfc), which lists calories, protein, carbs, and fat only. Not in the chain's official data we checked. Verify all values against the chain's own nutrition info."
kfc-india,Veg Rice Bowl,fiber_g,"Added from FatSecret India (https://www.fatsecret.co.in/calories-nutrition/kfc), which lists calories, protein, carbs, and fat only. Not in the chain's official data we checked. Verify all values against the chain's own nutrition info."
kfc-india,Veg Rice Bowl,sugar_g,"Added from FatSecret India (https://www.fatsecret.co.in/calories-nutrition/kfc), which lists calories, protein, carbs, and fat only. Not in the chain's official data we checked. Verify all values against the chain's own nutrition info."
kfc-india,Veg Rice Bowl,sodium_mg,"Added from FatSecret India (https://www.fatsecret.co.in/calories-nutrition/kfc), which lists calories, protein, carbs, and fat only. Not in the chain's official data we checked. Verify all values against the chain's own nutrition info."
kfc-india,Fries (Medium),fiber_g,"Added from FatSecret India (https://www.fatsecret.co.in/calories-nutrition/kfc), which lists calories, protein, carbs, and fat only. Not in the chain's official data we checked. Verify all values against the chain's own nutrition info."
kfc-india,Fries (Medium),sugar_g,"Added from FatSecret India (https://www.fatsecret.co.in/calories-nutrition/kfc), which lists calories, protein, carbs, and fat only. Not in the chain's official data we checked. Verify all values against the chain's own nutrition info."
kfc-india,Fries (Medium),sodium_mg,"Added from FatSecret India (https://www.fatsecret.co.in/calories-nutrition/kfc), which lists calories, protein, carbs, and fat only. Not in the chain's official data we checked. Verify all values against the chain's own nutrition info."
kfc-india,Fries (Large),fiber_g,"Added from FatSecret India (https://www.fatsecret.co.in/calories-nutrition/kfc), which lists calories, protein, carbs, and fat only. Not in the chain's official data we checked. Verify all values against the chain's own nutrition info."
kfc-india,Fries (Large),sugar_g,"Added from FatSecret India (https://www.fatsecret.co.in/calories-nutrition/kfc), which lists calories, protein, carbs, and fat only. Not in the chain's official data we checked. Verify all values against the chain's own nutrition info."
kfc-india,Fries (Large),sodium_mg,"Added from FatSecret India (https://www.fatsecret.co.in/calories-nutrition/kfc), which lists calories, protein, carbs, and fat only. Not in the chain's official data we checked. Verify all values against the chain's own nutrition info."
kfc-india,Choco Lava Cake,fiber_g,"Added from FatSecret India (https://www.fatsecret.co.in/calories-nutrition/kfc), which lists calories, protein, carbs, and fat only. Not in the chain's official data we checked. Verify all values against the chain's own nutrition info."
kfc-india,Choco Lava Cake,sugar_g,"Added from FatSecret India (https://www.fatsecret.co.in/calories-nutrition/kfc), which lists calories, protein, carbs, and fat only. Not in the chain's official data we checked. Verify all values against the chain's own nutrition info."
kfc-india,Choco Lava Cake,sodium_mg,"Added from FatSecret India (https://www.fatsecret.co.in/calories-nutrition/kfc), which lists calories, protein, carbs, and fat only. Not in the chain's official data we checked. Verify all values against the chain's own nutrition info."
mcdonalds-india,McSpicy Chicken Burger,fiber_g,"Added from FatSecret India (https://www.fatsecret.co.in/calories-nutrition/mcdonalds), which lists calories, protein, carbs, and fat only. Not in the chain's official data we checked. Verify all values against the chain's own nutrition info."
mcdonalds-india,McSpicy Chicken Burger,sugar_g,"Added from FatSecret India (https://www.fatsecret.co.in/calories-nutrition/mcdonalds), which lists calories, protein, carbs, and fat only. Not in the chain's official data we checked. Verify all values against the chain's own nutrition info."
mcdonalds-india,McSpicy Chicken Burger,sodium_mg,"Added from FatSecret India (https://www.fatsecret.co.in/calories-nutrition/mcdonalds), which lists calories, protein, carbs, and fat only. Not in the chain's official data we checked. Verify all values against the chain's own nutrition info."
mcdonalds-india,McSpicy Chicken Wrap,fiber_g,"Added from FatSecret India (https://www.fatsecret.co.in/calories-nutrition/mcdonalds), which lists calories, protein, carbs, and fat only. Not in the chain's official data we checked. Verify all values against the chain's own nutrition info."
mcdonalds-india,McSpicy Chicken Wrap,sugar_g,"Added from FatSecret India (https://www.fatsecret.co.in/calories-nutrition/mcdonalds), which lists calories, protein, carbs, and fat only. Not in the chain's official data we checked. Verify all values against the chain's own nutrition info."
mcdonalds-india,McSpicy Chicken Wrap,sodium_mg,"Added from FatSecret India (https://www.fatsecret.co.in/calories-nutrition/mcdonalds), which lists calories, protein, carbs, and fat only. Not in the chain's official data we checked. Verify all values against the chain's own nutrition info."
mcdonalds-india,Chicken Maharaja Mac,fiber_g,"Added from FatSecret India (https://www.fatsecret.co.in/calories-nutrition/mcdonalds), which lists calories, protein, carbs, and fat only. Not in the chain's official data we checked. Verify all values against the chain's own nutrition info."
mcdonalds-india,Chicken Maharaja Mac,sugar_g,"Added from FatSecret India (https://www.fatsecret.co.in/calories-nutrition/mcdonalds), which lists calories, protein, carbs, and fat only. Not in the chain's official data we checked. Verify all values against the chain's own nutrition info."
mcdonalds-india,Chicken Maharaja Mac,sodium_mg,"Added from FatSecret India (https://www.fatsecret.co.in/calories-nutrition/mcdonalds), which lists calories, protein, carbs, and fat only. Not in the chain's official data we checked. Verify all values against the chain's own nutrition info."
mcdonalds-india,Chicken Nuggets (4 pc),fiber_g,"Added from FatSecret India (https://www.fatsecret.co.in/calories-nutrition/mcdonalds), which lists calories, protein, carbs, and fat only. Not in the chain's official data we checked. Verify all values against the chain's own nutrition info."
mcdonalds-india,Chicken Nuggets (4 pc),sugar_g,"Added from FatSecret India (https://www.fatsecret.co.in/calories-nutrition/mcdonalds), which lists calories, protein, carbs, and fat only. Not in the chain's official data we checked. Verify all values against the chain's own nutrition info."
mcdonalds-india,Chicken Nuggets (4 pc),sodium_mg,"Added from FatSecret India (https://www.fatsecret.co.in/calories-nutrition/mcdonalds), which lists calories, protein, carbs, and fat only. Not in the chain's official data we checked. Verify all values against the chain's own nutrition info."
mcdonalds-india,Chicken Nuggets (9 pc),fiber_g,"Added from FatSecret India (https://www.fatsecret.co.in/calories-nutrition/mcdonalds), which lists calories, protein, carbs, and fat only. Not in the chain's official data we checked. Verify all values against the chain's own nutrition info."
mcdonalds-india,Chicken Nuggets (9 pc),sugar_g,"Added from FatSecret India (https://www.fatsecret.co.in/calories-nutrition/mcdonalds), which lists calories, protein, carbs, and fat only. Not in the chain's official data we checked. Verify all values against the chain's own nutrition info."
mcdonalds-india,Chicken Nuggets (9 pc),sodium_mg,"Added from FatSecret India (https://www.fatsecret.co.in/calories-nutrition/mcdonalds), which lists calories, protein, carbs, and fat only. Not in the chain's official data we checked. Verify all values against the chain's own nutrition info."
mcdonalds-india,Chicken Nuggets (20 pc),fiber_g,"Added from FatSecret India (https://www.fatsecret.co.in/calories-nutrition/mcdonalds), which lists calories, protein, carbs, and fat only. Not in the chain's official data we checked. Verify all values against the chain's own nutrition info."
mcdonalds-india,Chicken Nuggets (20 pc),sugar_g,"Added from FatSecret India (https://www.fatsecret.co.in/calories-nutrition/mcdonalds), which lists calories, protein, carbs, and fat only. Not in the chain's official data we checked. Verify all values against the chain's own nutrition info."
mcdonalds-india,Chicken Nuggets (20 pc),sodium_mg,"Added from FatSecret India (https://www.fatsecret.co.in/calories-nutrition/mcdonalds), which lists calories, protein, carbs, and fat only. Not in the chain's official data we checked. Verify all values against the chain's own nutrition info."
mcdonalds-india,Chicken Surprise Burger,fiber_g,"Added from FatSecret India (https://www.fatsecret.co.in/calories-nutrition/mcdonalds), which lists calories, protein, carbs, and fat only. Not in the chain's official data we checked. Verify all values against the chain's own nutrition info."
mcdonalds-india,Chicken Surprise Burger,sugar_g,"Added from FatSecret India (https://www.fatsecret.co.in/calories-nutrition/mcdonalds), which lists calories, protein, carbs, and fat only. Not in the chain's official data we checked. Verify all values against the chain's own nutrition info."
mcdonalds-india,Chicken Surprise Burger,sodium_mg,"Added from FatSecret India (https://www.fatsecret.co.in/calories-nutrition/mcdonalds), which lists calories, protein, carbs, and fat only. Not in the chain's official data we checked. Verify all values against the chain's own nutrition info."
mcdonalds-india,Veg Surprise Burger,fiber_g,"Added from FatSecret India (https://www.fatsecret.co.in/calories-nutrition/mcdonalds), which lists calories, protein, carbs, and fat only. Not in the chain's official data we checked. Verify all values against the chain's own nutrition info."
mcdonalds-india,Veg Surprise Burger,sugar_g,"Added from FatSecret India (https://www.fatsecret.co.in/calories-nutrition/mcdonalds), which lists calories, protein, carbs, and fat only. Not in the chain's official data we checked. Verify all values against the chain's own nutrition info."
mcdonalds-india,Veg Surprise Burger,sodium_mg,"Added from FatSecret India (https://www.fatsecret.co.in/calories-nutrition/mcdonalds), which lists calories, protein, carbs, and fat only. Not in the chain's official data we checked. Verify all values against the chain's own nutrition info."
mcdonalds-india,Crispy Veggie Burger,fiber_g,"Added from FatSecret India (https://www.fatsecret.co.in/calories-nutrition/mcdonalds), which lists calories, protein, carbs, and fat only. Not in the chain's official data we checked. Verify all values against the chain's own nutrition info."
mcdonalds-india,Crispy Veggie Burger,sugar_g,"Added from FatSecret India (https://www.fatsecret.co.in/calories-nutrition/mcdonalds), which lists calories, protein, carbs, and fat only. Not in the chain's official data we checked. Verify all values against the chain's own nutrition info."
mcdonalds-india,Crispy Veggie Burger,sodium_mg,"Added from FatSecret India (https://www.fatsecret.co.in/calories-nutrition/mcdonalds), which lists calories, protein, carbs, and fat only. Not in the chain's official data we checked. Verify all values against the chain's own nutrition info."
mcdonalds-india,Pizza McPuff,fiber_g,"Added from FatSecret India (https://www.fatsecret.co.in/calories-nutrition/mcdonalds), which lists calories, protein, carbs, and fat only. Not in the chain's official data we checked. Verify all values against the chain's own nutrition info."
mcdonalds-india,Pizza McPuff,sugar_g,"Added from FatSecret India (https://www.fatsecret.co.in/calories-nutrition/mcdonalds), which lists calories, protein, carbs, and fat only. Not in the chain's official data we checked. Verify all values against the chain's own nutrition info."
mcdonalds-india,Pizza McPuff,sodium_mg,"Added from FatSecret India (https://www.fatsecret.co.in/calories-nutrition/mcdonalds), which lists calories, protein, carbs, and fat only. Not in the chain's official data we checked. Verify all values against the chain's own nutrition info."
mcdonalds-india,Hash Brown,fiber_g,"Added from FatSecret India (https://www.fatsecret.co.in/calories-nutrition/mcdonalds), which lists calories, protein, carbs, and fat only. Not in the chain's official data we checked. Verify all values against the chain's own nutrition info."
mcdonalds-india,Hash Brown,sugar_g,"Added from FatSecret India (https://www.fatsecret.co.in/calories-nutrition/mcdonalds), which lists calories, protein, carbs, and fat only. Not in the chain's official data we checked. Verify all values against the chain's own nutrition info."
mcdonalds-india,Hash Brown,sodium_mg,"Added from FatSecret India (https://www.fatsecret.co.in/calories-nutrition/mcdonalds), which lists calories, protein, carbs, and fat only. Not in the chain's official data we checked. Verify all values against the chain's own nutrition info."
mcdonalds-india,Fries (Regular),fiber_g,"Added from FatSecret India (https://www.fatsecret.co.in/calories-nutrition/mcdonalds), which lists calories, protein, carbs, and fat only. Not in the chain's official data we checked. Verify all values against the chain's own nutrition info."
mcdonalds-india,Fries (Regular),sugar_g,"Added from FatSecret India (https://www.fatsecret.co.in/calories-nutrition/mcdonalds), which lists calories, protein, carbs, and fat only. Not in the chain's official data we checked. Verify all values against the chain's own nutrition info."
mcdonalds-india,Fries (Regular),sodium_mg,"Added from FatSecret India (https://www.fatsecret.co.in/calories-nutrition/mcdonalds), which lists calories, protein, carbs, and fat only. Not in the chain's official data we checked. Verify all values against the chain's own nutrition info."
mcdonalds-india,Fries (Large),fiber_g,"Added from FatSecret India (https://www.fatsecret.co.in/calories-nutrition/mcdonalds), which lists calories, protein, carbs, and fat only. Not in the chain's official data we checked. Verify all values against the chain's own nutrition info."
mcdonalds-india,Fries (Large),sugar_g,"Added from FatSecret India (https://www.fatsecret.co.in/calories-nutrition/mcdonalds), which lists calories, protein, carbs, and fat only. Not in the chain's official data we checked. Verify all values against the chain's own nutrition info."
mcdonalds-india,Fries (Large),sodium_mg,"Added from FatSecret India (https://www.fatsecret.co.in/calories-nutrition/mcdonalds), which lists calories, protein, carbs, and fat only. Not in the chain's official data we checked. Verify all values against the chain's own nutrition info."
mcdonalds-india,McFlurry Oreo (Regular),fiber_g,"Added from FatSecret India (https://www.fatsecret.co.in/calories-nutrition/mcdonalds), which lists calories, protein, carbs, and fat only. Not in the chain's official data we checked. Verify all values against the chain's own nutrition info."
mcdonalds-india,McFlurry Oreo (Regular),sugar_g,"Added from FatSecret India (https://www.fatsecret.co.in/calories-nutrition/mcdonalds), which lists calories, protein, carbs, and fat only. Not in the chain's official data we checked. Verify all values against the chain's own nutrition info."
mcdonalds-india,McFlurry Oreo (Regular),sodium_mg,"Added from FatSecret India (https://www.fatsecret.co.in/calories-nutrition/mcdonalds), which lists calories, protein, carbs, and fat only. Not in the chain's official data we checked. Verify all values against the chain's own nutrition info."
mcdonalds-india,McFlurry Oreo (Medium),fiber_g,"Added from FatSecret India (https://www.fatsecret.co.in/calories-nutrition/mcdonalds), which lists calories, protein, carbs, and fat only. Not in the chain's official data we checked. Verify all values against the chain's own nutrition info."
mcdonalds-india,McFlurry Oreo (Medium),sugar_g,"Added from FatSecret India (https://www.fatsecret.co.in/calories-nutrition/mcdonalds), which lists calories, protein, carbs, and fat only. Not in the chain's official data we checked. Verify all values against the chain's own nutrition info."
mcdonalds-india,McFlurry Oreo (Medium),sodium_mg,"Added from FatSecret India (https://www.fatsecret.co.in/calories-nutrition/mcdonalds), which lists calories, protein, carbs, and fat only. Not in the chain's official data we checked. Verify all values against the chain's own nutrition info."
mcdonalds-india,Soft Serve Cone,fiber_g,"Added from FatSecret India (https://www.fatsecret.co.in/calories-nutrition/mcdonalds), which lists calories, protein, carbs, and fat only. Not in the chain's official data we checked. Verify all values against the chain's own nutrition info."
mcdonalds-india,Soft Serve Cone,sugar_g,"Added from FatSecret India (https://www.fatsecret.co.in/calories-nutrition/mcdonalds), which lists calories, protein, carbs, and fat only. Not in the chain's official data we checked. Verify all values against the chain's own nutrition info."
mcdonalds-india,Soft Serve Cone,sodium_mg,"Added from FatSecret India (https://www.fatsecret.co.in/calories-nutrition/mcdonalds), which lists calories, protein, carbs, and fat only. Not in the chain's official data we checked. Verify all values against the chain's own nutrition info."
burger-king-india,Flame Grilled Mutton Whopper,fiber_g,"Added from FatSecret India (https://www.fatsecret.co.in/calories-nutrition/burger-king), which lists calories, protein, carbs, and fat only. Not in the chain's official data we checked. Verify all values against the chain's own nutrition info."
burger-king-india,Flame Grilled Mutton Whopper,sugar_g,"Added from FatSecret India (https://www.fatsecret.co.in/calories-nutrition/burger-king), which lists calories, protein, carbs, and fat only. Not in the chain's official data we checked. Verify all values against the chain's own nutrition info."
burger-king-india,Flame Grilled Mutton Whopper,sodium_mg,"Added from FatSecret India (https://www.fatsecret.co.in/calories-nutrition/burger-king), which lists calories, protein, carbs, and fat only. Not in the chain's official data we checked. Verify all values against the chain's own nutrition info."
burger-king-india,Korean Kimchi Chicken Whopper,fiber_g,"Added from FatSecret India (https://www.fatsecret.co.in/calories-nutrition/burger-king), which lists calories, protein, carbs, and fat only. Not in the chain's official data we checked. Verify all values against the chain's own nutrition info."
burger-king-india,Korean Kimchi Chicken Whopper,sugar_g,"Added from FatSecret India (https://www.fatsecret.co.in/calories-nutrition/burger-king), which lists calories, protein, carbs, and fat only. Not in the chain's official data we checked. Verify all values against the chain's own nutrition info."
burger-king-india,Korean Kimchi Chicken Whopper,sodium_mg,"Added from FatSecret India (https://www.fatsecret.co.in/calories-nutrition/burger-king), which lists calories, protein, carbs, and fat only. Not in the chain's official data we checked. Verify all values against the chain's own nutrition info."
burger-king-india,Spicy Korean Chicken Burger,fiber_g,"Added from FatSecret India (https://www.fatsecret.co.in/calories-nutrition/burger-king), which lists calories, protein, carbs, and fat only. Not in the chain's official data we checked. Verify all values against the chain's own nutrition info."
burger-king-india,Spicy Korean Chicken Burger,sugar_g,"Added from FatSecret India (https://www.fatsecret.co.in/calories-nutrition/burger-king), which lists calories, protein, carbs, and fat only. Not in the chain's official data we checked. Verify all values against the chain's own nutrition info."
burger-king-india,Spicy Korean Chicken Burger,sodium_mg,"Added from FatSecret India (https://www.fatsecret.co.in/calories-nutrition/burger-king), which lists calories, protein, carbs, and fat only. Not in the chain's official data we checked. Verify all values against the chain's own nutrition info."
burger-king-india,Spicy Korean Boneless Bites (4 pc),fiber_g,"Added from FatSecret India (https://www.fatsecret.co.in/calories-nutrition/burger-king), which lists calories, protein, carbs, and fat only. Not in the chain's official data we checked. Verify all values against the chain's own nutrition info."
burger-king-india,Spicy Korean Boneless Bites (4 pc),sugar_g,"Added from FatSecret India (https://www.fatsecret.co.in/calories-nutrition/burger-king), which lists calories, protein, carbs, and fat only. Not in the chain's official data we checked. Verify all values against the chain's own nutrition info."
burger-king-india,Spicy Korean Boneless Bites (4 pc),sodium_mg,"Added from FatSecret India (https://www.fatsecret.co.in/calories-nutrition/burger-king), which lists calories, protein, carbs, and fat only. Not in the chain's official data we checked. Verify all values against the chain's own nutrition info."
burger-king-india,Hot N Cheesy Burger,fiber_g,"Added from FatSecret India (https://www.fatsecret.co.in/calories-nutrition/burger-king), which lists calories, protein, carbs, and fat only. Not in the chain's official data we checked. Verify all values against the chain's own nutrition info."
burger-king-india,Hot N Cheesy Burger,sugar_g,"Added from FatSecret India (https://www.fatsecret.co.in/calories-nutrition/burger-king), which lists calories, protein, carbs, and fat only. Not in the chain's official data we checked. Verify all values against the chain's own nutrition info."
burger-king-india,Hot N Cheesy Burger,sodium_mg,"Added from FatSecret India (https://www.fatsecret.co.in/calories-nutrition/burger-king), which lists calories, protein, carbs, and fat only. Not in the chain's official data we checked. Verify all values against the chain's own nutrition info."
burger-king-india,Smokey Crunchy Chicken Whopper,fiber_g,"Added from FatSecret India (https://www.fatsecret.co.in/calories-nutrition/burger-king), which lists calories, protein, carbs, and fat only. Not in the chain's official data we checked. Verify all values against the chain's own nutrition info."
burger-king-india,Smokey Crunchy Chicken Whopper,sugar_g,"Added from FatSecret India (https://www.fatsecret.co.in/calories-nutrition/burger-king), which lists calories, protein, carbs, and fat only. Not in the chain's official data we checked. Verify all values against the chain's own nutrition info."
burger-king-india,Smokey Crunchy Chicken Whopper,sodium_mg,"Added from FatSecret India (https://www.fatsecret.co.in/calories-nutrition/burger-king), which lists calories, protein, carbs, and fat only. Not in the chain's official data we checked. Verify all values against the chain's own nutrition info."
burger-king-india,BK Chicken Burger,fiber_g,"Added from FatSecret India (https://www.fatsecret.co.in/calories-nutrition/burger-king), which lists calories, protein, carbs, and fat only. Not in the chain's official data we checked. Verify all values against the chain's own nutrition info."
burger-king-india,BK Chicken Burger,sugar_g,"Added from FatSecret India (https://www.fatsecret.co.in/calories-nutrition/burger-king), which lists calories, protein, carbs, and fat only. Not in the chain's official data we checked. Verify all values against the chain's own nutrition info."
burger-king-india,BK Chicken Burger,sodium_mg,"Added from FatSecret India (https://www.fatsecret.co.in/calories-nutrition/burger-king), which lists calories, protein, carbs, and fat only. Not in the chain's official data we checked. Verify all values against the chain's own nutrition info."
burger-king-india,Chicken Nuggets (4 pc),fiber_g,"Added from FatSecret India (https://www.fatsecret.co.in/calories-nutrition/burger-king), which lists calories, protein, carbs, and fat only. Not in the chain's official data we checked. Verify all values against the chain's own nutrition info."
burger-king-india,Chicken Nuggets (4 pc),sugar_g,"Added from FatSecret India (https://www.fatsecret.co.in/calories-nutrition/burger-king), which lists calories, protein, carbs, and fat only. Not in the chain's official data we checked. Verify all values against the chain's own nutrition info."
burger-king-india,Chicken Nuggets (4 pc),sodium_mg,"Added from FatSecret India (https://www.fatsecret.co.in/calories-nutrition/burger-king), which lists calories, protein, carbs, and fat only. Not in the chain's official data we checked. Verify all values against the chain's own nutrition info."
burger-king-india,Crunchy Soft Paneer Whopper Deluxe,fiber_g,"Added from FatSecret India (https://www.fatsecret.co.in/calories-nutrition/burger-king), which lists calories, protein, carbs, and fat only. Not in the chain's official data we checked. Verify all values against the chain's own nutrition info."
burger-king-india,Crunchy Soft Paneer Whopper Deluxe,sugar_g,"Added from FatSecret India (https://www.fatsecret.co.in/calories-nutrition/burger-king), which lists calories, protein, carbs, and fat only. Not in the chain's official data we checked. Verify all values against the chain's own nutrition info."
burger-king-india,Crunchy Soft Paneer Whopper Deluxe,sodium_mg,"Added from FatSecret India (https://www.fatsecret.co.in/calories-nutrition/burger-king), which lists calories, protein, carbs, and fat only. Not in the chain's official data we checked. Verify all values against the chain's own nutrition info."
burger-king-india,Molten Cheese Lava Whopper Deluxe,fiber_g,"Added from FatSecret India (https://www.fatsecret.co.in/calories-nutrition/burger-king), which lists calories, protein, carbs, and fat only. Not in the chain's official data we checked. Verify all values against the chain's own nutrition info."
burger-king-india,Molten Cheese Lava Whopper Deluxe,sugar_g,"Added from FatSecret India (https://www.fatsecret.co.in/calories-nutrition/burger-king), which lists calories, protein, carbs, and fat only. Not in the chain's official data we checked. Verify all values against the chain's own nutrition info."
burger-king-india,Molten Cheese Lava Whopper Deluxe,sodium_mg,"Added from FatSecret India (https://www.fatsecret.co.in/calories-nutrition/burger-king), which lists calories, protein, carbs, and fat only. Not in the chain's official data we checked. Verify all values against the chain's own nutrition info."
burger-king-india,BK Veggie Double Patty,fiber_g,"Added from FatSecret India (https://www.fatsecret.co.in/calories-nutrition/burger-king), which lists calories, protein, carbs, and fat only. Not in the chain's official data we checked. Verify all values against the chain's own nutrition info."
burger-king-india,BK Veggie Double Patty,sugar_g,"Added from FatSecret India (https://www.fatsecret.co.in/calories-nutrition/burger-king), which lists calories, protein, carbs, and fat only. Not in the chain's official data we checked. Verify all values against the chain's own nutrition info."
burger-king-india,BK Veggie Double Patty,sodium_mg,"Added from FatSecret India (https://www.fatsecret.co.in/calories-nutrition/burger-king), which lists calories, protein, carbs, and fat only. Not in the chain's official data we checked. Verify all values against the chain's own nutrition info."
burger-king-india,BK Veggie Burger,fiber_g,"Added from FatSecret India (https://www.fatsecret.co.in/calories-nutrition/burger-king), which lists calories, protein, carbs, and fat only. Not in the chain's official data we checked. Verify all values against the chain's own nutrition info."
burger-king-india,BK Veggie Burger,sugar_g,"Added from FatSecret India (https://www.fatsecret.co.in/calories-nutrition/burger-king), which lists calories, protein, carbs, and fat only. Not in the chain's official data we checked. Verify all values against the chain's own nutrition info."
burger-king-india,BK Veggie Burger,sodium_mg,"Added from FatSecret India (https://www.fatsecret.co.in/calories-nutrition/burger-king), which lists calories, protein, carbs, and fat only. Not in the chain's official data we checked. Verify all values against the chain's own nutrition info."
burger-king-india,Crispy Veg Double Patty,fiber_g,"Added from FatSecret India (https://www.fatsecret.co.in/calories-nutrition/burger-king), which lists calories, protein, carbs, and fat only. Not in the chain's official data we checked. Verify all values against the chain's own nutrition info."
burger-king-india,Crispy Veg Double Patty,sugar_g,"Added from FatSecret India (https://www.fatsecret.co.in/calories-nutrition/burger-king), which lists calories, protein, carbs, and fat only. Not in the chain's official data we checked. Verify all values against the chain's own nutrition info."
burger-king-india,Crispy Veg Double Patty,sodium_mg,"Added from FatSecret India (https://www.fatsecret.co.in/calories-nutrition/burger-king), which lists calories, protein, carbs, and fat only. Not in the chain's official data we checked. Verify all values against the chain's own nutrition info."
burger-king-india,Makhani Burst Veg Burger,fiber_g,"Added from FatSecret India (https://www.fatsecret.co.in/calories-nutrition/burger-king), which lists calories, protein, carbs, and fat only. Not in the chain's official data we checked. Verify all values against the chain's own nutrition info."
burger-king-india,Makhani Burst Veg Burger,sugar_g,"Added from FatSecret India (https://www.fatsecret.co.in/calories-nutrition/burger-king), which lists calories, protein, carbs, and fat only. Not in the chain's official data we checked. Verify all values against the chain's own nutrition info."
burger-king-india,Makhani Burst Veg Burger,sodium_mg,"Added from FatSecret India (https://www.fatsecret.co.in/calories-nutrition/burger-king), which lists calories, protein, carbs, and fat only. Not in the chain's official data we checked. Verify all values against the chain's own nutrition info."
burger-king-india,BK Egg Taco,fiber_g,"Added from FatSecret India (https://www.fatsecret.co.in/calories-nutrition/burger-king), which lists calories, protein, carbs, and fat only. Not in the chain's official data we checked. Verify all values against the chain's own nutrition info."
burger-king-india,BK Egg Taco,sugar_g,"Added from FatSecret India (https://www.fatsecret.co.in/calories-nutrition/burger-king), which lists calories, protein, carbs, and fat only. Not in the chain's official data we checked. Verify all values against the chain's own nutrition info."
burger-king-india,BK Egg Taco,sodium_mg,"Added from FatSecret India (https://www.fatsecret.co.in/calories-nutrition/burger-king), which lists calories, protein, carbs, and fat only. Not in the chain's official data we checked. Verify all values against the chain's own nutrition info."
burger-king-india,Veg Crunchy Taco,fiber_g,"Added from FatSecret India (https://www.fatsecret.co.in/calories-nutrition/burger-king), which lists calories, protein, carbs, and fat only. Not in the chain's official data we checked. Verify all values against the chain's own nutrition info."
burger-king-india,Veg Crunchy Taco,sugar_g,"Added from FatSecret India (https://www.fatsecret.co.in/calories-nutrition/burger-king), which lists calories, protein, carbs, and fat only. Not in the chain's official data we checked. Verify all values against the chain's own nutrition info."
burger-king-india,Veg Crunchy Taco,sodium_mg,"Added from FatSecret India (https://www.fatsecret.co.in/calories-nutrition/burger-king), which lists calories, protein, carbs, and fat only. Not in the chain's official data we checked. Verify all values against the chain's own nutrition info."
burger-king-india,Veg Strips (5 pc),fiber_g,"Added from FatSecret India (https://www.fatsecret.co.in/calories-nutrition/burger-king), which lists calories, protein, carbs, and fat only. Not in the chain's official data we checked. Verify all values against the chain's own nutrition info."
burger-king-india,Veg Strips (5 pc),sugar_g,"Added from FatSecret India (https://www.fatsecret.co.in/calories-nutrition/burger-king), which lists calories, protein, carbs, and fat only. Not in the chain's official data we checked. Verify all values against the chain's own nutrition info."
burger-king-india,Veg Strips (5 pc),sodium_mg,"Added from FatSecret India (https://www.fatsecret.co.in/calories-nutrition/burger-king), which lists calories, protein, carbs, and fat only. Not in the chain's official data we checked. Verify all values against the chain's own nutrition info."
burger-king-india,Veg Pizza Puff,fiber_g,"Added from FatSecret India (https://www.fatsecret.co.in/calories-nutrition/burger-king), which lists calories, protein, carbs, and fat only. Not in the chain's official data we checked. Verify all values against the chain's own nutrition info."
burger-king-india,Veg Pizza Puff,sugar_g,"Added from FatSecret India (https://www.fatsecret.co.in/calories-nutrition/burger-king), which lists calories, protein, carbs, and fat only. Not in the chain's official data we checked. Verify all values against the chain's own nutrition info."
burger-king-india,Veg Pizza Puff,sodium_mg,"Added from FatSecret India (https://www.fatsecret.co.in/calories-nutrition/burger-king), which lists calories, protein, carbs, and fat only. Not in the chain's official data we checked. Verify all values against the chain's own nutrition info."
burger-king-india,Hash Brown,fiber_g,"Added from FatSecret India (https://www.fatsecret.co.in/calories-nutrition/burger-king), which lists calories, protein, carbs, and fat only. Not in the chain's official data we checked. Verify all values against the chain's own nutrition info."
burger-king-india,Hash Brown,sugar_g,"Added from FatSecret India (https://www.fatsecret.co.in/calories-nutrition/burger-king), which lists calories, protein, carbs, and fat only. Not in the chain's official data we checked. Verify all values against the chain's own nutrition info."
burger-king-india,Hash Brown,sodium_mg,"Added from FatSecret India (https://www.fatsecret.co.in/calories-nutrition/burger-king), which lists calories, protein, carbs, and fat only. Not in the chain's official data we checked. Verify all values against the chain's own nutrition info."
burger-king-india,Peri Peri Fries (Regular),fiber_g,"Added from FatSecret India (https://www.fatsecret.co.in/calories-nutrition/burger-king), which lists calories, protein, carbs, and fat only. Not in the chain's official data we checked. Verify all values against the chain's own nutrition info."
burger-king-india,Peri Peri Fries (Regular),sugar_g,"Added from FatSecret India (https://www.fatsecret.co.in/calories-nutrition/burger-king), which lists calories, protein, carbs, and fat only. Not in the chain's official data we checked. Verify all values against the chain's own nutrition info."
burger-king-india,Peri Peri Fries (Regular),sodium_mg,"Added from FatSecret India (https://www.fatsecret.co.in/calories-nutrition/burger-king), which lists calories, protein, carbs, and fat only. Not in the chain's official data we checked. Verify all values against the chain's own nutrition info."
burger-king-india,Fries (Medium),fiber_g,"Added from FatSecret India (https://www.fatsecret.co.in/calories-nutrition/burger-king), which lists calories, protein, carbs, and fat only. Not in the chain's official data we checked. Verify all values against the chain's own nutrition info."
burger-king-india,Fries (Medium),sugar_g,"Added from FatSecret India (https://www.fatsecret.co.in/calories-nutrition/burger-king), which lists calories, protein, carbs, and fat only. Not in the chain's official data we checked. Verify all values against the chain's own nutrition info."
burger-king-india,Fries (Medium),sodium_mg,"Added from FatSecret India (https://www.fatsecret.co.in/calories-nutrition/burger-king), which lists calories, protein, carbs, and fat only. Not in the chain's official data we checked. Verify all values against the chain's own nutrition info."
burger-king-india,King Fries,fiber_g,"Added from FatSecret India (https://www.fatsecret.co.in/calories-nutrition/burger-king), which lists calories, protein, carbs, and fat only. Not in the chain's official data we checked. Verify all values against the chain's own nutrition info."
burger-king-india,King Fries,sugar_g,"Added from FatSecret India (https://www.fatsecret.co.in/calories-nutrition/burger-king), which lists calories, protein, carbs, and fat only. Not in the chain's official data we checked. Verify all values against the chain's own nutrition info."
burger-king-india,King Fries,sodium_mg,"Added from FatSecret India (https://www.fatsecret.co.in/calories-nutrition/burger-king), which lists calories, protein, carbs, and fat only. Not in the chain's official data we checked. Verify all values against the chain's own nutrition info."
burger-king-india,KitKat Fusion Sundae,fiber_g,"Added from FatSecret India (https://www.fatsecret.co.in/calories-nutrition/burger-king), which lists calories, protein, carbs, and fat only. Not in the chain's official data we checked. Verify all values against the chain's own nutrition info."
burger-king-india,KitKat Fusion Sundae,sugar_g,"Added from FatSecret India (https://www.fatsecret.co.in/calories-nutrition/burger-king), which lists calories, protein, carbs, and fat only. Not in the chain's official data we checked. Verify all values against the chain's own nutrition info."
burger-king-india,KitKat Fusion Sundae,sodium_mg,"Added from FatSecret India (https://www.fatsecret.co.in/calories-nutrition/burger-king), which lists calories, protein, carbs, and fat only. Not in the chain's official data we checked. Verify all values against the chain's own nutrition info."
burger-king-india,Vanilla Softie,fiber_g,"Added from FatSecret India (https://www.fatsecret.co.in/calories-nutrition/burger-king), which lists calories, protein, carbs, and fat only. Not in the chain's official data we checked. Verify all values against the chain's own nutrition info."
burger-king-india,Vanilla Softie,sugar_g,"Added from FatSecret India (https://www.fatsecret.co.in/calories-nutrition/burger-king), which lists calories, protein, carbs, and fat only. Not in the chain's official data we checked. Verify all values against the chain's own nutrition info."
burger-king-india,Vanilla Softie,sodium_mg,"Added from FatSecret India (https://www.fatsecret.co.in/calories-nutrition/burger-king), which lists calories, protein, carbs, and fat only. Not in the chain's official data we checked. Verify all values against the chain's own nutrition info."
dominos-india,Stuffed Garlic Bread,fiber_g,"Added from FatSecret India (https://www.fatsecret.co.in/calories-nutrition/dominos-pizza), which lists calories, protein, carbs, and fat only. Not in the chain's official data we checked. Verify all values against the chain's own nutrition info."
dominos-india,Stuffed Garlic Bread,sugar_g,"Added from FatSecret India (https://www.fatsecret.co.in/calories-nutrition/dominos-pizza), which lists calories, protein, carbs, and fat only. Not in the chain's official data we checked. Verify all values against the chain's own nutrition info."
dominos-india,Stuffed Garlic Bread,sodium_mg,"Added from FatSecret India (https://www.fatsecret.co.in/calories-nutrition/dominos-pizza), which lists calories, protein, carbs, and fat only. Not in the chain's official data we checked. Verify all values against the chain's own nutrition info."
dominos-india,Paneer Tikka Stuffed Garlic Bread,fiber_g,"Added from FatSecret India (https://www.fatsecret.co.in/calories-nutrition/dominos-pizza), which lists calories, protein, carbs, and fat only. Not in the chain's official data we checked. Verify all values against the chain's own nutrition info."
dominos-india,Paneer Tikka Stuffed Garlic Bread,sugar_g,"Added from FatSecret India (https://www.fatsecret.co.in/calories-nutrition/dominos-pizza), which lists calories, protein, carbs, and fat only. Not in the chain's official data we checked. Verify all values against the chain's own nutrition info."
dominos-india,Paneer Tikka Stuffed Garlic Bread,sodium_mg,"Added from FatSecret India (https://www.fatsecret.co.in/calories-nutrition/dominos-pizza), which lists calories, protein, carbs, and fat only. Not in the chain's official data we checked. Verify all values against the chain's own nutrition info."
dominos-india,Garlic Bread,fiber_g,"Added from FatSecret India (https://www.fatsecret.co.in/calories-nutrition/dominos-pizza), which lists calories, protein, carbs, and fat only. Not in the chain's official data we checked. Verify all values against the chain's own nutrition info."
dominos-india,Garlic Bread,sugar_g,"Added from FatSecret India (https://www.fatsecret.co.in/calories-nutrition/dominos-pizza), which lists calories, protein, carbs, and fat only. Not in the chain's official data we checked. Verify all values against the chain's own nutrition info."
dominos-india,Garlic Bread,sodium_mg,"Added from FatSecret India (https://www.fatsecret.co.in/calories-nutrition/dominos-pizza), which lists calories, protein, carbs, and fat only. Not in the chain's official data we checked. Verify all values against the chain's own nutrition info."
dominos-india,Zingy Parcel - Veg,fiber_g,"Added from FatSecret India (https://www.fatsecret.co.in/calories-nutrition/dominos-pizza), which lists calories, protein, carbs, and fat only. Not in the chain's official data we checked. Verify all values against the chain's own nutrition info."
dominos-india,Zingy Parcel - Veg,sugar_g,"Added from FatSecret India (https://www.fatsecret.co.in/calories-nutrition/dominos-pizza), which lists calories, protein, carbs, and fat only. Not in the chain's official data we checked. Verify all values against the chain's own nutrition info."
dominos-india,Zingy Parcel - Veg,sodium_mg,"Added from FatSecret India (https://www.fatsecret.co.in/calories-nutrition/dominos-pizza), which lists calories, protein, carbs, and fat only. Not in the chain's official data we checked. Verify all values against the chain's own nutrition info."
dominos-india,Taco Mexicana - Chicken,fiber_g,"Added from FatSecret India (https://www.fatsecret.co.in/calories-nutrition/dominos-pizza), which lists calories, protein, carbs, and fat only. Not in the chain's official data we checked. Verify all values against the chain's own nutrition info."
dominos-india,Taco Mexicana - Chicken,sugar_g,"Added from FatSecret India (https://www.fatsecret.co.in/calories-nutrition/dominos-pizza), which lists calories, protein, carbs, and fat only. Not in the chain's official data we checked. Verify all values against the chain's own nutrition info."
dominos-india,Taco Mexicana - Chicken,sodium_mg,"Added from FatSecret India (https://www.fatsecret.co.in/calories-nutrition/dominos-pizza), which lists calories, protein, carbs, and fat only. Not in the chain's official data we checked. Verify all values against the chain's own nutrition info."
dominos-india,Taco Mexicana - Veg,fiber_g,"Added from FatSecret India (https://www.fatsecret.co.in/calories-nutrition/dominos-pizza), which lists calories, protein, carbs, and fat only. Not in the chain's official data we checked. Verify all values against the chain's own nutrition info."
dominos-india,Taco Mexicana - Veg,sugar_g,"Added from FatSecret India (https://www.fatsecret.co.in/calories-nutrition/dominos-pizza), which lists calories, protein, carbs, and fat only. Not in the chain's official data we checked. Verify all values against the chain's own nutrition info."
dominos-india,Taco Mexicana - Veg,sodium_mg,"Added from FatSecret India (https://www.fatsecret.co.in/calories-nutrition/dominos-pizza), which lists calories, protein, carbs, and fat only. Not in the chain's official data we checked. Verify all values against the chain's own nutrition info."
dominos-india,Choco Lava Cake,fiber_g,"Added from FatSecret India (https://www.fatsecret.co.in/calories-nutrition/dominos-pizza), which lists calories, protein, carbs, and fat only. Not in the chain's official data we checked. Verify all values against the chain's own nutrition info."
dominos-india,Choco Lava Cake,sugar_g,"Added from FatSecret India (https://www.fatsecret.co.in/calories-nutrition/dominos-pizza), which lists calories, protein, carbs, and fat only. Not in the chain's official data we checked. Verify all values against the chain's own nutrition info."
dominos-india,Choco Lava Cake,sodium_mg,"Added from FatSecret India (https://www.fatsecret.co.in/calories-nutrition/dominos-pizza), which lists calories, protein, carbs, and fat only. Not in the chain's official data we checked. Verify all values against the chain's own nutrition info."
burger-king-india,Chicken Wings Grilled (4 pc),carbs_g,"Listed as 37 g, while Chicken Wings Fried (4 pc) is 8.6 g. Recheck against Burger King India's official sheet."
